,Unnamed: 0,Index,Baseline,Advanced
0,1,1,22,12
1,2,2,7,17
2,3,3,9,9
3,4,4,5,5
4,5,5,16,1
5,6,6,22,19
6,7,7,20,19
7,8,8,3,3
8,9,9,14,15
9,10,10,7,20
10,11,11,22,22
11,12,12,14,14
12,13,13,8,8
13,14,14,2,2
14,15,15,21,19
15,16,16,9,9
16,17,17,2,9
17,18,18,9,9
18,19,19,18,17
19,20,20,22,22
20,21,21,1,1
21,22,22,7,5
22,23,23,4,4
23,24,24,21,13
24,25,25,21,21
25,26,26,8,8
26,27,27,11,12
27,28,28,5,5
28,29,29,9,9
29,30,30,9,9
30,31,31,3,10
31,32,32,14,14
32,33,33,3,3
33,34,34,9,9
34,35,35,15,14
35,36,36,5,5
36,37,37,14,14
37,38,38,19,21
38,39,39,4,4
39,40,40,21,20
40,41,41,2,2
41,42,42,18,17
42,43,43,6,22
43,44,44,1,1
44,45,45,20,22
45,46,46,20,8
46,47,47,10,10
47,48,48,6,12
48,49,49,21,21
49,50,50,14,14
50,51,51,20,22
51,52,52,13,13
52,53,53,13,11
53,54,54,17,21
54,55,55,18,17
55,56,56,3,3
56,57,57,10,4
57,58,58,8,7
58,59,59,20,7
59,60,60,9,2
60,61,61,19,20
61,62,62,8,9
62,63,63,7,19
63,64,64,15,14
64,65,65,17,18
65,66,66,21,2
66,67,67,19,14
67,68,68,21,21
68,69,69,22,3
69,70,70,10,6
70,71,71,17,7
71,72,72,14,15
72,73,73,19,20
73,74,74,11,9
74,75,75,19,18
75,76,76,11,3
76,77,77,2,2
77,78,78,8,7
78,79,79,17,8
79,80,80,19,19
80,81,81,17,17
81,82,82,3,10
82,83,83,4,4
83,84,84,13,4
84,85,85,17,17
85,86,86,21,19
86,87,87,22,9
87,88,88,16,16
88,89,89,14,15
89,90,90,5,5
90,91,91,4,12
91,92,92,16,16
92,93,93,14,14
93,94,94,8,8
94,95,95,3,3
95,96,96,19,14
96,97,97,12,11
97,98,98,17,7
98,99,99,10,13
99,100,100,16,3
100,101,101,16,16
101,102,102,13,11
102,103,103,8,8
103,104,104,19,2
104,105,105,13,11
105,106,106,14,14
106,107,107,13,4
107,108,108,13,6
108,109,109,20,13
109,110,110,12,11
110,111,111,19,19
111,112,112,20,20
112,113,113,8,8
113,114,114,1,1
114,115,115,12,6
115,116,116,11,4
116,117,117,20,20
117,118,118,15,14
118,119,119,7,5
119,120,120,18,5
120,121,121,22,12
121,122,122,10,4
122,123,123,11,22
123,124,124,12,13
124,125,125,2,2
125,126,126,19,19
126,127,127,20,20
127,128,128,10,10
128,129,129,8,17
129,130,130,21,21
130,131,131,15,15
131,132,132,7,17
132,133,133,7,17
133,134,134,16,16
134,135,135,11,11
135,136,136,13,12
136,137,137,3,22
137,138,138,1,1
138,139,139,9,9
139,140,140,3,3
140,141,141,3,11
141,142,142,2,2
142,143,143,17,17
143,144,144,20,20
144,145,145,10,10
145,146,146,13,4
146,147,147,6,19
147,148,148,22,21
148,149,149,10,4
149,150,150,22,6
150,151,151,14,17
151,152,152,15,15
152,153,153,13,12
153,154,154,14,14
154,155,155,17,17
155,156,156,6,12
156,157,157,15,15
157,158,158,13,12
158,159,159,17,20
159,160,160,8,8
160,161,161,16,1
161,162,162,11,11
162,163,163,17,5
163,164,164,14,14
164,165,165,19,7
165,166,166,20,20
166,167,167,20,20
167,168,168,4,4
168,169,169,15,21
169,170,170,3,1
170,171,171,10,3
171,172,172,20,9
172,173,173,19,7
173,174,174,5,5
174,175,175,9,9
175,176,176,6,9
176,177,177,1,1
177,178,178,4,12
178,179,179,2,9
179,180,180,9,9
180,181,181,21,17
181,182,182,10,11
182,183,183,12,11
183,184,184,6,11
184,185,185,10,12
185,186,186,16,22
186,187,187,14,14
187,188,188,6,6
188,189,189,9,2
189,190,190,3,1
190,191,191,12,11
191,192,192,3,1
192,193,193,22,22
193,194,194,3,10
194,195,195,15,20
195,196,196,2,2
196,197,197,9,9
197,198,198,3,3
198,199,199,17,17
199,200,200,16,22
200,201,201,21,10
201,202,202,18,5
202,203,203,15,14
203,204,204,13,12
204,205,205,19,7
205,206,206,15,14
206,207,207,2,2
207,208,208,6,13
208,209,209,6,3
209,210,210,3,3
210,211,211,7,7
211,212,212,22,3
212,213,213,10,3
213,214,214,10,6
214,215,215,19,2
215,216,216,18,18
216,217,217,20,20
217,218,218,16,22
218,219,219,14,15
219,220,220,9,8
220,221,221,15,14
221,222,222,17,18
222,223,223,3,10
223,224,224,3,3
224,225,225,13,10
225,226,226,19,20
226,227,227,18,5
227,228,228,15,15
228,229,229,22,11
229,230,230,12,6
230,231,231,18,8
231,232,232,22,20
232,233,233,4,22
233,234,234,21,21
234,235,235,19,19
235,236,236,11,10
236,237,237,22,18
237,238,238,20,19
238,239,239,14,14
239,240,240,16,16
240,241,241,14,21
241,242,242,20,15
242,243,243,5,14
243,244,244,6,19
244,245,245,3,3
245,246,246,2,8
246,247,247,17,18
247,248,248,15,15
248,249,249,8,8
249,250,250,18,17
250,251,251,15,15
251,252,252,16,16
252,253,253,19,21
253,254,254,3,13
254,255,255,21,21
255,256,256,14,14
256,257,257,1,1
257,258,258,2,2
258,259,259,20,20
259,260,260,21,21
260,261,261,2,8
261,262,262,2,8
262,263,263,3,11
263,264,264,15,15
264,265,265,8,8
265,266,266,6,6
266,267,267,21,21
267,268,268,18,7
268,269,269,19,17
269,270,270,9,9
270,271,271,4,1
271,272,272,16,3
272,273,273,1,3
273,274,274,14,14
274,275,275,5,5
275,276,276,5,5
276,277,277,3,3
277,278,278,7,7
278,279,279,7,19
279,280,280,9,9
280,281,281,15,14
281,282,282,15,15
282,283,283,15,21
283,284,284,2,2
284,285,285,10,22
285,286,286,3,1
286,287,287,15,15
287,288,288,10,10
288,289,289,21,20
289,290,290,6,21
290,291,291,6,10
291,292,292,5,5
292,293,293,4,16
293,294,294,2,2
294,295,295,7,7
295,296,296,8,20
296,297,297,2,20
297,298,298,20,18
298,299,299,17,8
299,300,300,19,17
300,301,301,11,12
301,302,302,6,6
302,303,303,17,8
303,304,304,17,5
304,305,305,16,16
305,306,306,15,15
306,307,307,7,18
307,308,308,12,6
308,309,309,18,1
309,310,310,12,12
310,311,311,19,19
311,312,312,6,12
312,313,313,19,22
313,314,314,21,20
314,315,315,9,9
315,316,316,14,17
316,317,317,13,13
317,318,318,13,4
318,319,319,6,11
319,320,320,19,19
320,321,321,11,6
321,322,322,1,1
322,323,323,17,19
323,324,324,19,21
324,325,325,12,16
325,326,326,6,20
326,327,327,18,17
327,328,328,1,1
328,329,329,13,10
329,330,330,2,9
330,331,331,3,11
331,332,332,20,20
332,333,333,20,5
333,334,334,9,9
334,335,335,8,7
335,336,336,7,16
336,337,337,15,15
337,338,338,20,20
338,339,339,5,5
339,340,340,9,8
340,341,341,3,22
341,342,342,20,17
342,343,343,3,10
343,344,344,22,10
344,345,345,11,11
345,346,346,13,10
346,347,347,22,6
347,348,348,9,2
348,349,349,21,18
349,350,350,13,13
350,351,351,10,13
351,352,352,17,18
352,353,353,7,19
353,354,354,13,6
354,355,355,20,20
355,356,356,19,20
356,357,357,11,11
357,358,358,7,20
358,359,359,20,21
359,360,360,9,2
360,361,361,5,5
361,362,362,14,15
362,363,363,21,21
363,364,364,10,22
364,365,365,6,15
365,366,366,8,2
366,367,367,17,7
367,368,368,14,14
368,369,369,21,14
369,370,370,9,9
370,371,371,17,18
371,372,372,16,10
372,373,373,22,6
373,374,374,19,14
374,375,375,20,21
375,376,376,7,7
376,377,377,1,22
377,378,378,14,14
378,379,379,14,14
379,380,380,22,19
380,381,381,11,12
381,382,382,16,4
382,383,383,19,15
383,384,384,3,1
384,385,385,12,12
385,386,386,11,4
386,387,387,22,16
387,388,388,20,20
388,389,389,5,18
389,390,390,6,6
390,391,391,12,11
391,392,392,18,15
392,393,393,20,8
393,394,394,2,8
394,395,395,18,22
395,396,396,20,2
396,397,397,6,12
397,398,398,18,19
398,399,399,16,16
399,400,400,8,8
400,401,401,3,16
401,402,402,2,2
402,403,403,8,2
403,404,404,7,19
404,405,405,8,2
405,406,406,20,2
406,407,407,17,17
407,408,408,19,7
408,409,409,17,8
409,410,410,20,17
410,411,411,16,16
411,412,412,16,16
412,413,413,1,1
413,414,414,1,1
414,415,415,16,16
415,416,416,3,13
416,417,417,12,13
417,418,418,14,14
418,419,419,10,10
419,420,420,11,11
420,421,421,7,17
421,422,422,5,5
422,423,423,9,2
423,424,424,20,20
424,425,425,1,1
425,426,426,12,6
426,427,427,16,16
427,428,428,22,10
428,429,429,16,16
429,430,430,12,11
430,431,431,22,20
431,432,432,3,3
432,433,433,9,9
433,434,434,19,15
434,435,435,14,15
435,436,436,21,14
436,437,437,20,21
437,438,438,20,19
438,439,439,7,19
439,440,440,7,7
440,441,441,3,16
441,442,442,20,7
442,443,443,21,21
443,444,444,1,3
444,445,445,17,5
445,446,446,13,11
446,447,447,8,8
447,448,448,13,3
448,449,449,7,18
449,450,450,16,3
450,451,451,22,11
451,452,452,20,19
452,453,453,12,12
453,454,454,1,1
454,455,455,16,16
455,456,456,22,10
456,457,457,16,22
457,458,458,10,3
458,459,459,20,2
459,460,460,3,1
460,461,461,6,10
461,462,462,4,4
462,463,463,17,5
463,464,464,21,9
464,465,465,5,5
465,466,466,12,6
466,467,467,1,1
467,468,468,17,17
468,469,469,12,11
469,470,470,20,10
470,471,471,16,16
471,472,472,3,13
472,473,473,18,17
473,474,474,3,3
474,475,475,17,7
475,476,476,7,7
476,477,477,3,10
477,478,478,3,1
478,479,479,22,11
479,480,480,14,15
480,481,481,13,11
481,482,482,10,10
482,483,483,3,3
483,484,484,3,13
484,485,485,7,21
485,486,486,9,9
486,487,487,14,14
487,488,488,18,17
488,489,489,15,17
489,490,490,17,17
490,491,491,17,18
491,492,492,2,2
492,493,493,19,21
493,494,494,5,17
494,495,495,11,11
495,496,496,5,5
496,497,497,21,20
497,498,498,20,21
498,499,499,21,21
499,500,500,16,4
500,501,501,9,9
501,502,502,5,18
502,503,503,13,4
503,504,504,6,12
504,505,505,21,21
505,506,506,4,4
506,507,507,14,14
507,508,508,13,11
508,509,509,21,22
509,510,510,19,18
510,511,511,12,13
511,512,512,22,5
512,513,513,21,14
513,514,514,4,3
514,515,515,12,12
515,516,516,2,2
516,517,517,22,12
517,518,518,19,21
518,519,519,22,3
519,520,520,13,11
520,521,521,10,11
521,522,522,10,1
522,523,523,10,10
523,524,524,12,11
524,525,525,11,11
525,526,526,11,6
526,527,527,3,13
527,528,528,2,2
528,529,529,17,17
529,530,530,16,19
530,531,531,19,19
531,532,532,20,20
532,533,533,14,11
533,534,534,17,17
534,535,535,12,11
535,536,536,4,4
536,537,537,20,7
537,538,538,17,17
538,539,539,13,11
539,540,540,21,21
540,541,541,16,6
541,542,542,10,22
542,543,543,12,12
543,544,544,7,20
544,545,545,14,15
545,546,546,4,13
546,547,547,20,17
547,548,548,3,3
548,549,549,16,1
549,550,550,20,22
550,551,551,1,1
551,552,552,20,22
552,553,553,17,17
553,554,554,6,12
554,555,555,17,16
555,556,556,20,20
556,557,557,19,15
557,558,558,12,11
558,559,559,15,15
559,560,560,1,7
560,561,561,4,4
561,562,562,14,14
562,563,563,6,12
563,564,564,17,19
564,565,565,2,2
565,566,566,11,11
566,567,567,12,12
567,568,568,10,12
568,569,569,4,4
569,570,570,15,14
570,571,571,19,19
571,572,572,19,19
572,573,573,3,3
573,574,574,14,14
574,575,575,6,10
575,576,576,3,6
576,577,577,6,10
577,578,578,21,20
578,579,579,3,21
579,580,580,19,21
580,581,581,16,16
581,582,582,18,5
582,583,583,5,5
583,584,584,4,4
584,585,585,6,11
585,586,586,12,12
586,587,587,20,17
587,588,588,16,16
588,589,589,6,6
589,590,590,13,10
590,591,591,20,20
591,592,592,1,22
592,593,593,14,14
593,594,594,1,1
594,595,595,15,1
595,596,596,10,10
596,597,597,18,17
597,598,598,10,1
598,599,599,14,14
599,600,600,3,18
600,601,601,20,20
601,602,602,21,21
602,603,603,3,1
603,604,604,7,7
604,605,605,10,3
605,606,606,4,4
606,607,607,22,9
607,608,608,19,7
608,609,609,14,14
609,610,610,14,14
610,611,611,19,20
611,612,612,3,3
612,613,613,21,21
613,614,614,19,5
614,615,615,19,18
615,616,616,21,2
616,617,617,17,5
617,618,618,21,20
618,619,619,15,5
619,620,620,9,9
620,621,621,21,22
621,622,622,2,2
622,623,623,20,2
623,624,624,11,12
624,625,625,19,20
625,626,626,2,8
626,627,627,9,9
627,628,628,17,17
628,629,629,20,21
629,630,630,13,14
630,631,631,3,3
631,632,632,3,13
632,633,633,8,8
633,634,634,17,8
634,635,635,16,22
635,636,636,20,20
636,637,637,3,1
637,638,638,18,18
638,639,639,3,4
639,640,640,14,14
640,641,641,6,12
641,642,642,17,18
642,643,643,9,9
643,644,644,3,1
644,645,645,18,7
645,646,646,9,9
646,647,647,8,8
647,648,648,4,4
648,649,649,10,4
649,650,650,11,11
650,651,651,17,18
651,652,652,9,2
652,653,653,10,11
653,654,654,18,17
654,655,655,7,7
655,656,656,7,17
656,657,657,21,9
657,658,658,13,13
658,659,659,3,1
659,660,660,18,7
660,661,661,22,22
661,662,662,15,14
662,663,663,12,6
663,664,664,14,21
664,665,665,14,18
665,666,666,17,17
666,667,667,9,9
667,668,668,20,2
668,669,669,21,19
669,670,670,11,10
670,671,671,21,20
671,672,672,18,17
672,673,673,6,21
673,674,674,20,15
674,675,675,4,4
675,676,676,5,5
676,677,677,15,15
677,678,678,16,16
678,679,679,17,20
679,680,680,19,19
680,681,681,4,11
681,682,682,9,9
682,683,683,21,11
683,684,684,15,14
684,685,685,19,15
685,686,686,11,21
686,687,687,16,16
687,688,688,20,14
688,689,689,16,1
689,690,690,13,16
690,691,691,15,14
691,692,692,4,10
692,693,693,1,3
693,694,694,5,5
694,695,695,2,2
695,696,696,14,14
696,697,697,7,10
697,698,698,1,13
698,699,699,20,15
699,700,700,1,1
700,701,701,11,22
701,702,702,1,22
702,703,703,20,7
703,704,704,20,20
704,705,705,16,16
705,706,706,12,13
706,707,707,1,1
707,708,708,1,4
708,709,709,21,3
709,710,710,16,16
710,711,711,6,6
711,712,712,21,21
712,713,713,17,20
713,714,714,20,7
714,715,715,4,10
715,716,716,9,22
716,717,717,12,12
717,718,718,3,3
718,719,719,19,18
719,720,720,17,18
720,721,721,14,15
721,722,722,20,21
722,723,723,4,4
723,724,724,6,6
724,725,725,11,10
725,726,726,6,6
726,727,727,2,20
727,728,728,21,22
728,729,729,11,11
729,730,730,5,18
730,731,731,17,20
731,732,732,5,5
732,733,733,21,15
733,734,734,10,10
734,735,735,17,17
735,736,736,7,17
736,737,737,15,15
737,738,738,3,3
738,739,739,6,10
739,740,740,11,12
740,741,741,10,6
741,742,742,14,14
742,743,743,3,16
743,744,744,5,21
744,745,745,19,7
745,746,746,18,18
746,747,747,17,5
747,748,748,8,2
748,749,749,4,13
749,750,750,19,18
750,751,751,4,11
751,752,752,3,3
752,753,753,16,16
753,754,754,1,1
754,755,755,15,15
755,756,756,14,14
756,757,757,14,15
757,758,758,1,1
758,759,759,7,11
759,760,760,1,1
760,761,761,8,8
761,762,762,13,12
762,763,763,21,11
763,764,764,4,4
764,765,765,13,3
765,766,766,9,9
766,767,767,2,2
767,768,768,20,14
768,769,769,17,18
769,770,770,19,7
770,771,771,18,17
771,772,772,14,21
772,773,773,4,1
773,774,774,6,20
774,775,775,14,14
775,776,776,21,21
776,777,777,11,11
777,778,778,19,20
778,779,779,12,13
779,780,780,9,9
780,781,781,4,12
781,782,782,8,8
782,783,783,20,2
783,784,784,12,6
784,785,785,3,11
785,786,786,1,1
786,787,787,21,20
787,788,788,14,15
788,789,789,14,15
789,790,790,13,11
790,791,791,9,9
791,792,792,15,5
792,793,793,10,4
793,794,794,7,8
794,795,795,18,15
795,796,796,16,22
796,797,797,3,10
797,798,798,20,19
798,799,799,2,8
799,800,800,14,17
800,801,801,14,21
801,802,802,12,3
802,803,803,11,12
803,804,804,13,13
804,805,805,1,1
805,806,806,9,9
806,807,807,6,6
807,808,808,7,21
808,809,809,20,15
809,810,810,3,16
810,811,811,14,19
811,812,812,17,18
812,813,813,19,14
813,814,814,6,6
814,815,815,7,17
815,816,816,4,10
816,817,817,17,21
817,818,818,11,12
818,819,819,9,9
819,820,820,16,16
820,821,821,20,20
821,822,822,17,8
822,823,823,14,21
823,824,824,3,16
824,825,825,15,9
825,826,826,10,4
826,827,827,10,6
827,828,828,21,21
828,829,829,3,19
829,830,830,21,20
830,831,831,8,8
831,832,832,4,10
832,833,833,16,16
833,834,834,15,14
834,835,835,19,7
835,836,836,15,5
836,837,837,19,21
837,838,838,17,20
838,839,839,19,20
839,840,840,13,11
840,841,841,11,12
841,842,842,14,15
842,843,843,17,17
843,844,844,22,19
844,845,845,22,22
845,846,846,4,4
846,847,847,6,11
847,848,848,13,13
848,849,849,4,4
849,850,850,3,11
850,851,851,8,8
851,852,852,18,5
852,853,853,12,12
853,854,854,20,19
854,855,855,19,20
855,856,856,9,2
856,857,857,6,6
857,858,858,1,18
858,859,859,21,21
859,860,860,16,16
860,861,861,18,17
861,862,862,1,1
862,863,863,5,5
863,864,864,3,3
864,865,865,13,4
865,866,866,6,6
866,867,867,10,13
867,868,868,9,9
868,869,869,2,2
869,870,870,20,20
870,871,871,22,12
871,872,872,13,10
872,873,873,1,1
873,874,874,13,12
874,875,875,6,6
875,876,876,15,18
876,877,877,18,7
877,878,878,20,14
878,879,879,10,10
879,880,880,22,11
880,881,881,15,15
881,882,882,22,6
882,883,883,14,15
883,884,884,13,11
884,885,885,17,17
885,886,886,17,18
886,887,887,6,11
887,888,888,4,12
888,889,889,7,7
889,890,890,20,7
890,891,891,1,1
891,892,892,10,11
892,893,893,8,8
893,894,894,11,11
894,895,895,8,19
895,896,896,20,17
896,897,897,2,9
897,898,898,12,12
898,899,899,17,8
899,900,900,3,1
900,901,901,10,3
901,902,902,13,4
902,903,903,12,10
903,904,904,17,17
904,905,905,3,19
905,906,906,20,22
906,907,907,7,17
907,908,908,22,22
908,909,909,12,11
909,910,910,22,11
910,911,911,6,14
911,912,912,10,21
912,913,913,12,22
913,914,914,3,6
914,915,915,21,7
915,916,916,20,22
916,917,917,19,17
917,918,918,7,17
918,919,919,6,13
919,920,920,13,13
920,921,921,22,22
921,922,922,3,1
922,923,923,9,9
923,924,924,9,20
924,925,925,18,17
925,926,926,20,8
926,927,927,14,14
927,928,928,1,1
928,929,929,6,6
929,930,930,3,22
930,931,931,7,18
931,932,932,6,12
932,933,933,20,19
933,934,934,20,20
934,935,935,6,6
935,936,936,13,13
936,937,937,13,4
937,938,938,20,2
938,939,939,8,8
939,940,940,22,22
940,941,941,20,19
941,942,942,8,8
942,943,943,1,3
943,944,944,12,10
944,945,945,7,7
945,946,946,17,17
946,947,947,16,16
947,948,948,12,12
948,949,949,16,22
949,950,950,6,6
950,951,951,20,21
951,952,952,14,14
952,953,953,20,19
953,954,954,19,7
954,955,955,16,6
955,956,956,2,9
956,957,957,6,12
957,958,958,17,18
958,959,959,7,18
959,960,960,6,22
960,961,961,20,10
961,962,962,14,19
962,963,963,5,15
963,964,964,16,16
964,965,965,2,2
965,966,966,17,17
966,967,967,21,19
967,968,968,4,6
968,969,969,21,21
969,970,970,13,4
970,971,971,17,19
971,972,972,1,3
972,973,973,15,15
973,974,974,20,21
974,975,975,2,2
975,976,976,1,15
976,977,977,11,11
977,978,978,10,22
978,979,979,17,7
979,980,980,4,4
980,981,981,3,3
981,982,982,15,14
982,983,983,3,3
983,984,984,19,18
984,985,985,13,11
985,986,986,4,3
986,987,987,1,13
987,988,988,10,12
988,989,989,6,6
989,990,990,21,21
990,991,991,21,22
991,992,992,16,16
992,993,993,14,17
993,994,994,1,11
994,995,995,19,15
995,996,996,3,1
996,997,997,7,19
997,998,998,4,4
998,999,999,17,5
999,1000,1000,16,16
1000,1001,1001,12,11
1001,1002,1002,15,19
1002,1003,1003,5,5
1003,1004,1004,19,7
1004,1005,1005,7,19
1005,1006,1006,2,9
1006,1007,1007,7,17
1007,1008,1008,21,7
1008,1009,1009,19,18
1009,1010,1010,19,12
1010,1011,1011,11,6
1011,1012,1012,16,16
1012,1013,1013,21,10
1013,1014,1014,14,20
1014,1015,1015,7,19
1015,1016,1016,20,20
1016,1017,1017,12,10
1017,1018,1018,2,8
1018,1019,1019,7,17
1019,1020,1020,3,3
1020,1021,1021,7,17
1021,1022,1022,20,17
1022,1023,1023,21,9
1023,1024,1024,9,2
1024,1025,1025,2,9
1025,1026,1026,15,14
1026,1027,1027,4,6
1027,1028,1028,10,3
1028,1029,1029,19,19
1029,1030,1030,19,19
1030,1031,1031,5,5
1031,1032,1032,13,4
1032,1033,1033,19,21
1033,1034,1034,17,18
1034,1035,1035,4,4
1035,1036,1036,14,5
1036,1037,1037,20,17
1037,1038,1038,16,16
1038,1039,1039,2,2
1039,1040,1040,20,17
1040,1041,1041,2,20
1041,1042,1042,13,11
1042,1043,1043,2,16
1043,1044,1044,19,13
1044,1045,1045,15,22
1045,1046,1046,12,11
1046,1047,1047,12,12
1047,1048,1048,18,19
1048,1049,1049,11,21
1049,1050,1050,6,10
1050,1051,1051,15,20
1051,1052,1052,16,16
1052,1053,1053,20,19
1053,1054,1054,22,22
1054,1055,1055,9,2
1055,1056,1056,10,10
1056,1057,1057,17,18
1057,1058,1058,8,8
1058,1059,1059,19,3
1059,1060,1060,14,14
1060,1061,1061,15,19
1061,1062,1062,13,6
1062,1063,1063,9,2
1063,1064,1064,20,8
1064,1065,1065,14,19
1065,1066,1066,22,10
1066,1067,1067,21,14
1067,1068,1068,14,14
1068,1069,1069,22,6
1069,1070,1070,18,17
1070,1071,1071,14,21
1071,1072,1072,12,10
1072,1073,1073,12,13
1073,1074,1074,4,4
1074,1075,1075,21,9
1075,1076,1076,6,4
1076,1077,1077,2,8
1077,1078,1078,15,15
1078,1079,1079,3,1
1079,1080,1080,1,1
1080,1081,1081,20,2
1081,1082,1082,20,2
1082,1083,1083,14,14
1083,1084,1084,16,1
1084,1085,1085,9,9
1085,1086,1086,12,12
1086,1087,1087,15,14
1087,1088,1088,7,7
1088,1089,1089,2,2
1089,1090,1090,22,6
1090,1091,1091,21,13
1091,1092,1092,19,7
1092,1093,1093,20,9
1093,1094,1094,16,16
1094,1095,1095,9,2
1095,1096,1096,20,19
1096,1097,1097,19,17
1097,1098,1098,14,21
1098,1099,1099,8,8
1099,1100,1100,14,22
1100,1101,1101,13,10
1101,1102,1102,1,1
1102,1103,1103,2,9
1103,1104,1104,18,18
1104,1105,1105,11,4
1105,1106,1106,19,19
1106,1107,1107,19,19
1107,1108,1108,15,5
1108,1109,1109,4,10
1109,1110,1110,18,6
1110,1111,1111,2,21
1111,1112,1112,7,20
1112,1113,1113,3,3
1113,1114,1114,5,5
1114,1115,1115,20,20
1115,1116,1116,9,2
1116,1117,1117,16,18
1117,1118,1118,3,16
1118,1119,1119,7,5
1119,1120,1120,3,1
1120,1121,1121,16,16
1121,1122,1122,10,10
1122,1123,1123,18,5
1123,1124,1124,17,18
1124,1125,1125,10,13
1125,1126,1126,9,11
1126,1127,1127,10,4
1127,1128,1128,2,2
1128,1129,1129,1,3
1129,1130,1130,9,9
1130,1131,1131,15,15
1131,1132,1132,21,13
1132,1133,1133,17,16
1133,1134,1134,21,14
1134,1135,1135,5,17
1135,1136,1136,3,10
1136,1137,1137,3,3
1137,1138,1138,14,21
1138,1139,1139,21,21
1139,1140,1140,2,2
1140,1141,1141,6,12
1141,1142,1142,14,14
1142,1143,1143,3,22
1143,1144,1144,13,10
1144,1145,1145,20,8
1145,1146,1146,12,12
1146,1147,1147,20,20
1147,1148,1148,18,18
1148,1149,1149,13,13
1149,1150,1150,15,15
1150,1151,1151,16,6
1151,1152,1152,11,10
1152,1153,1153,12,6
1153,1154,1154,9,9
1154,1155,1155,19,18
1155,1156,1156,2,2
1156,1157,1157,13,11
1157,1158,1158,15,14
1158,1159,1159,18,17
1159,1160,1160,3,22
1160,1161,1161,2,2
1161,1162,1162,8,8
1162,1163,1163,18,17
1163,1164,1164,22,22
1164,1165,1165,1,1
1165,1166,1166,22,3
1166,1167,1167,17,17
1167,1168,1168,8,8
1168,1169,1169,22,22
1169,1170,1170,1,1
1170,1171,1171,3,10
1171,1172,1172,1,4
1172,1173,1173,10,6
1173,1174,1174,3,1
1174,1175,1175,19,17
1175,1176,1176,16,3
1176,1177,1177,4,4
1177,1178,1178,17,8
1178,1179,1179,9,9
1179,1180,1180,9,9
1180,1181,1181,6,13
1181,1182,1182,12,11
1182,1183,1183,21,21
1183,1184,1184,14,14
1184,1185,1185,11,12
1185,1186,1186,15,15
1186,1187,1187,10,10
1187,1188,1188,10,3
1188,1189,1189,9,15
1189,1190,1190,11,10
1190,1191,1191,6,12
1191,1192,1192,20,17
1192,1193,1193,1,6
1193,1194,1194,14,14
1194,1195,1195,21,17
1195,1196,1196,3,22
1196,1197,1197,15,19
1197,1198,1198,17,19
1198,1199,1199,16,16
1199,1200,1200,10,3
1200,1201,1201,19,15
1201,1202,1202,7,5
1202,1203,1203,4,16
1203,1204,1204,22,6
1204,1205,1205,3,10
1205,1206,1206,22,3
1206,1207,1207,22,22
1207,1208,1208,13,9
1208,1209,1209,9,9
1209,1210,1210,7,5
1210,1211,1211,11,10
1211,1212,1212,13,11
1212,1213,1213,3,6
1213,1214,1214,7,16
1214,1215,1215,4,13
1215,1216,1216,10,10
1216,1217,1217,13,3
1217,1218,1218,13,11
1218,1219,1219,6,16
1219,1220,1220,5,22
1220,1221,1221,19,20
1221,1222,1222,17,5
1222,1223,1223,12,11
1223,1224,1224,11,10
1224,1225,1225,12,12
1225,1226,1226,20,20
1226,1227,1227,15,14
1227,1228,1228,8,8
1228,1229,1229,19,7
1229,1230,1230,22,22
1230,1231,1231,19,14
1231,1232,1232,21,21
1232,1233,1233,16,16
1233,1234,1234,8,8
1234,1235,1235,6,6
1235,1236,1236,6,11
1236,1237,1237,2,9
1237,1238,1238,7,17
1238,1239,1239,13,6
1239,1240,1240,5,15
1240,1241,1241,15,19
1241,1242,1242,7,15
1242,1243,1243,3,3
1243,1244,1244,19,9
1244,1245,1245,15,18
1245,1246,1246,20,7
1246,1247,1247,10,10
1247,1248,1248,19,18
1248,1249,1249,14,20
1249,1250,1250,5,5
1250,1251,1251,15,14
1251,1252,1252,22,22
1252,1253,1253,14,21
1253,1254,1254,6,6
1254,1255,1255,13,11
1255,1256,1256,5,5
1256,1257,1257,4,4
1257,1258,1258,16,19
1258,1259,1259,9,2
1259,1260,1260,6,12
1260,1261,1261,9,9
1261,1262,1262,16,11
1262,1263,1263,3,3
1263,1264,1264,22,9
1264,1265,1265,20,20
1265,1266,1266,2,21
1266,1267,1267,10,22
1267,1268,1268,8,8
1268,1269,1269,4,3
1269,1270,1270,22,16
1270,1271,1271,6,6
1271,1272,1272,21,9
1272,1273,1273,21,14
1273,1274,1274,7,5
1274,1275,1275,21,21
1275,1276,1276,9,9
1276,1277,1277,19,14
1277,1278,1278,9,9
1278,1279,1279,14,19
1279,1280,1280,7,17
1280,1281,1281,5,5
1281,1282,1282,17,17
1282,1283,1283,19,16
1283,1284,1284,19,18
1284,1285,1285,5,5
1285,1286,1286,1,1
1286,1287,1287,11,13
1287,1288,1288,2,2
1288,1289,1289,4,11
1289,1290,1290,20,20
1290,1291,1291,10,10
1291,1292,1292,14,14
1292,1293,1293,2,2
1293,1294,1294,13,4
1294,1295,1295,8,8
1295,1296,1296,10,16
1296,1297,1297,3,4
1297,1298,1298,2,2
1298,1299,1299,3,3
1299,1300,1300,10,11
1300,1301,1301,13,16
1301,1302,1302,19,7
1302,1303,1303,20,11
1303,1304,1304,1,1
1304,1305,1305,11,12
1305,1306,1306,22,21
1306,1307,1307,16,16
1307,1308,1308,11,13
1308,1309,1309,1,1
1309,1310,1310,19,19
1310,1311,1311,17,17
1311,1312,1312,16,16
1312,1313,1313,1,1
1313,1314,1314,19,7
1314,1315,1315,5,5
1315,1316,1316,10,10
1316,1317,1317,14,21
1317,1318,1318,7,18
1318,1319,1319,18,19
1319,1320,1320,6,12
1320,1321,1321,3,4
1321,1322,1322,19,7
1322,1323,1323,14,15
1323,1324,1324,18,7
1324,1325,1325,3,22
1325,1326,1326,9,12
1326,1327,1327,8,8
1327,1328,1328,18,5
1328,1329,1329,2,9
1329,1330,1330,4,13
1330,1331,1331,11,12
1331,1332,1332,14,14
1332,1333,1333,22,19
1333,1334,1334,6,9
1334,1335,1335,13,13
1335,1336,1336,14,14
1336,1337,1337,17,17
1337,1338,1338,20,22
1338,1339,1339,9,9
1339,1340,1340,18,5
1340,1341,1341,17,17
1341,1342,1342,12,11
1342,1343,1343,17,17
1343,1344,1344,5,18
1344,1345,1345,21,11
1345,1346,1346,22,1
1346,1347,1347,7,7
1347,1348,1348,1,1
1348,1349,1349,14,14
1349,1350,1350,6,6
1350,1351,1351,5,5
1351,1352,1352,20,20
1352,1353,1353,22,10
1353,1354,1354,13,11
1354,1355,1355,20,21
1355,1356,1356,13,10
1356,1357,1357,13,11
1357,1358,1358,14,14
1358,1359,1359,9,9
1359,1360,1360,14,15
1360,1361,1361,8,8
1361,1362,1362,4,4
1362,1363,1363,22,22
1363,1364,1364,19,17
1364,1365,1365,3,3
1365,1366,1366,15,15
1366,1367,1367,14,14
1367,1368,1368,10,12
1368,1369,1369,8,8
1369,1370,1370,13,1
1370,1371,1371,4,4
1371,1372,1372,18,17
1372,1373,1373,17,17
1373,1374,1374,20,19
1374,1375,1375,4,22
1375,1376,1376,16,14
1376,1377,1377,17,7
1377,1378,1378,2,2
1378,1379,1379,14,5
1379,1380,1380,4,4
1380,1381,1381,10,13
1381,1382,1382,21,21
1382,1383,1383,20,21
1383,1384,1384,11,4
1384,1385,1385,15,15
1385,1386,1386,5,20
1386,1387,1387,3,10
1387,1388,1388,20,17
1388,1389,1389,12,11
1389,1390,1390,5,5
1390,1391,1391,8,10
1391,1392,1392,10,10
1392,1393,1393,12,6
1393,1394,1394,12,11
1394,1395,1395,10,3
1395,1396,1396,15,14
1396,1397,1397,10,10
1397,1398,1398,7,18
1398,1399,1399,10,10
1399,1400,1400,7,20
1400,1401,1401,19,22
1401,1402,1402,17,20
1402,1403,1403,4,13
1403,1404,1404,1,1
1404,1405,1405,18,1
1405,1406,1406,3,13
1406,1407,1407,14,21
1407,1408,1408,4,11
1408,1409,1409,8,8
1409,1410,1410,12,22
1410,1411,1411,22,10
1411,1412,1412,14,14
1412,1413,1413,18,18
1413,1414,1414,14,21
1414,1415,1415,22,21
1415,1416,1416,13,11
1416,1417,1417,14,14
1417,1418,1418,20,20
1418,1419,1419,20,15
1419,1420,1420,21,21
1420,1421,1421,21,21
1421,1422,1422,1,1
1422,1423,1423,11,11
1423,1424,1424,15,17
1424,1425,1425,2,2
1425,1426,1426,17,17
1426,1427,1427,3,10
1427,1428,1428,18,21
1428,1429,1429,16,1
1429,1430,1430,10,4
1430,1431,1431,15,5
1431,1432,1432,19,19
1432,1433,1433,17,17
1433,1434,1434,14,14
1434,1435,1435,1,3
1435,1436,1436,21,20
1436,1437,1437,18,18
1437,1438,1438,6,12
1438,1439,1439,20,21
1439,1440,1440,12,12
1440,1441,1441,17,5
1441,1442,1442,12,22
1442,1443,1443,14,20
1443,1444,1444,19,14
1444,1445,1445,9,2
1445,1446,1446,15,15
1446,1447,1447,18,18
1447,1448,1448,12,10
1448,1449,1449,12,21
1449,1450,1450,14,15
1450,1451,1451,12,15
1451,1452,1452,17,20
1452,1453,1453,13,13
1453,1454,1454,22,3
1454,1455,1455,19,21
1455,1456,1456,19,19
1456,1457,1457,13,6
1457,1458,1458,8,8
1458,1459,1459,10,3
1459,1460,1460,22,13
1460,1461,1461,12,10
1461,1462,1462,6,6
1462,1463,1463,20,5
1463,1464,1464,16,16
1464,1465,1465,21,21
1465,1466,1466,13,10
1466,1467,1467,12,11
1467,1468,1468,10,4
1468,1469,1469,21,21
1469,1470,1470,15,7
1470,1471,1471,1,1
1471,1472,1472,21,21
1472,1473,1473,21,14
1473,1474,1474,8,8
1474,1475,1475,22,12
1475,1476,1476,1,3
1476,1477,1477,3,22
1477,1478,1478,19,21
1478,1479,1479,1,1
1479,1480,1480,9,2
1480,1481,1481,12,6
1481,1482,1482,4,4
1482,1483,1483,3,16
1483,1484,1484,2,2
1484,1485,1485,22,3
1485,1486,1486,17,7
1486,1487,1487,14,17
1487,1488,1488,16,16
1488,1489,1489,4,11
1489,1490,1490,21,19
1490,1491,1491,16,16
1491,1492,1492,14,14
1492,1493,1493,14,14
1493,1494,1494,14,14
1494,1495,1495,16,12
1495,1496,1496,15,5
1496,1497,1497,13,19
1497,1498,1498,2,2
1498,1499,1499,22,4
1499,1500,1500,1,3
1500,1501,1501,20,20
1501,1502,1502,13,4
1502,1503,1503,9,9
1503,1504,1504,11,4
1504,1505,1505,16,16
1505,1506,1506,17,1
1506,1507,1507,22,11
1507,1508,1508,1,1
1508,1509,1509,15,14
1509,1510,1510,14,14
1510,1511,1511,17,7
1511,1512,1512,1,1
1512,1513,1513,20,20
1513,1514,1514,19,20
1514,1515,1515,5,5
1515,1516,1516,6,6
1516,1517,1517,21,2
1517,1518,1518,19,7
1518,1519,1519,10,12
1519,1520,1520,3,3
1520,1521,1521,13,13
1521,1522,1522,18,8
1522,1523,1523,19,21
1523,1524,1524,10,10
1524,1525,1525,16,18
1525,1526,1526,3,3
1526,1527,1527,19,21
1527,1528,1528,1,1
1528,1529,1529,14,15
1529,1530,1530,3,1
1530,1531,1531,9,9
1531,1532,1532,13,20
1532,1533,1533,19,22
1533,1534,1534,19,15
1534,1535,1535,3,10
1535,1536,1536,19,22
1536,1537,1537,4,13
1537,1538,1538,7,19
1538,1539,1539,20,20
1539,1540,1540,17,17
1540,1541,1541,15,15
1541,1542,1542,14,21
1542,1543,1543,18,18
1543,1544,1544,21,21
1544,1545,1545,2,21
1545,1546,1546,8,8
1546,1547,1547,20,7
1547,1548,1548,1,19
1548,1549,1549,6,12
1549,1550,1550,9,9
1550,1551,1551,12,6
1551,1552,1552,10,1
1552,1553,1553,2,2
1553,1554,1554,22,22
1554,1555,1555,22,22
1555,1556,1556,17,17
1556,1557,1557,14,14
1557,1558,1558,3,10
1558,1559,1559,14,20
1559,1560,1560,19,18
1560,1561,1561,17,17
1561,1562,1562,20,17
1562,1563,1563,17,17
1563,1564,1564,9,9
1564,1565,1565,8,8
1565,1566,1566,14,15
1566,1567,1567,13,13
1567,1568,1568,16,17
1568,1569,1569,16,11
1569,1570,1570,14,14
1570,1571,1571,7,17
1571,1572,1572,22,11
1572,1573,1573,2,20
1573,1574,1574,9,9
1574,1575,1575,15,5
1575,1576,1576,11,12
1576,1577,1577,9,9
1577,1578,1578,12,6
1578,1579,1579,20,20
1579,1580,1580,17,19
1580,1581,1581,15,14
1581,1582,1582,2,2
1582,1583,1583,7,9
1583,1584,1584,3,4
1584,1585,1585,21,21
1585,1586,1586,13,11
1586,1587,1587,16,22
1587,1588,1588,21,22
1588,1589,1589,2,2
1589,1590,1590,2,2
1590,1591,1591,14,14
1591,1592,1592,19,7
1592,1593,1593,7,7
1593,1594,1594,2,9
1594,1595,1595,21,14
1595,1596,1596,11,11
1596,1597,1597,5,5
1597,1598,1598,5,15
1598,1599,1599,19,15
1599,1600,1600,7,21
1600,1601,1601,4,11
1601,1602,1602,16,16
1602,1603,1603,22,1
1603,1604,1604,12,12
1604,1605,1605,6,11
1605,1606,1606,18,5
1606,1607,1607,11,10
1607,1608,1608,20,20
1608,1609,1609,1,3
1609,1610,1610,20,20
1610,1611,1611,7,18
1611,1612,1612,5,5
1612,1613,1613,13,4
1613,1614,1614,21,14
1614,1615,1615,8,8
1615,1616,1616,9,9
1616,1617,1617,1,1
1617,1618,1618,20,14
1618,1619,1619,20,14
1619,1620,1620,15,15
1620,1621,1621,9,9
1621,1622,1622,19,20
1622,1623,1623,2,2
1623,1624,1624,19,19
1624,1625,1625,18,15
1625,1626,1626,18,18
1626,1627,1627,2,2
1627,1628,1628,15,15
1628,1629,1629,8,8
1629,1630,1630,6,13
1630,1631,1631,2,9
1631,1632,1632,19,5
1632,1633,1633,15,14
1633,1634,1634,10,6
1634,1635,1635,18,5
1635,1636,1636,7,17
1636,1637,1637,22,4
1637,1638,1638,14,15
1638,1639,1639,20,21
1639,1640,1640,15,15
1640,1641,1641,1,16
1641,1642,1642,10,10
1642,1643,1643,8,2
1643,1644,1644,8,8
1644,1645,1645,19,14
1645,1646,1646,1,1
1646,1647,1647,20,20
1647,1648,1648,21,21
1648,1649,1649,20,2
1649,1650,1650,3,1
1650,1651,1651,21,19
1651,1652,1652,13,13
1652,1653,1653,2,8
1653,1654,1654,21,20
1654,1655,1655,1,1
1655,1656,1656,22,7
1656,1657,1657,14,14
1657,1658,1658,19,22
1658,1659,1659,10,10
1659,1660,1660,14,14
1660,1661,1661,19,21
1661,1662,1662,7,7
1662,1663,1663,16,16
1663,1664,1664,21,19
1664,1665,1665,11,12
1665,1666,1666,5,19
1666,1667,1667,11,6
1667,1668,1668,15,18
1668,1669,1669,1,1
1669,1670,1670,19,18
1670,1671,1671,19,19
1671,1672,1672,6,22
1672,1673,1673,16,16
1673,1674,1674,11,11
1674,1675,1675,3,3
1675,1676,1676,11,10
1676,1677,1677,6,10
1677,1678,1678,19,7
1678,1679,1679,1,1
1679,1680,1680,4,4
1680,1681,1681,1,1
1681,1682,1682,8,19
1682,1683,1683,17,4
1683,1684,1684,13,12
1684,1685,1685,6,22
1685,1686,1686,11,21
1686,1687,1687,9,9
1687,1688,1688,10,6
1688,1689,1689,9,2
1689,1690,1690,9,9
1690,1691,1691,11,12
1691,1692,1692,11,6
1692,1693,1693,21,17
1693,1694,1694,18,7
1694,1695,1695,13,22
1695,1696,1696,17,8
1696,1697,1697,20,7
1697,1698,1698,7,5
1698,1699,1699,15,5
1699,1700,1700,19,20
1700,1701,1701,20,21
1701,1702,1702,21,22
1702,1703,1703,3,3
1703,1704,1704,5,5
1704,1705,1705,6,4
1705,1706,1706,5,5
1706,1707,1707,8,2
1707,1708,1708,17,18
1708,1709,1709,9,9
1709,1710,1710,7,17
1710,1711,1711,10,22
1711,1712,1712,22,22
1712,1713,1713,20,15
1713,1714,1714,19,15
1714,1715,1715,20,22
1715,1716,1716,2,2
1716,1717,1717,3,22
1717,1718,1718,19,19
1718,1719,1719,16,16
1719,1720,1720,6,6
1720,1721,1721,12,12
1721,1722,1722,2,20
1722,1723,1723,2,2
1723,1724,1724,13,4
1724,1725,1725,5,17
1725,1726,1726,5,5
1726,1727,1727,7,16
1727,1728,1728,13,12
1728,1729,1729,8,8
1729,1730,1730,10,13
1730,1731,1731,11,11
1731,1732,1732,18,18
1732,1733,1733,15,15
1733,1734,1734,3,10
1734,1735,1735,1,1
1735,1736,1736,18,18
1736,1737,1737,8,20
1737,1738,1738,22,1
1738,1739,1739,20,20
1739,1740,1740,7,18
1740,1741,1741,20,20
1741,1742,1742,4,4
1742,1743,1743,20,17
1743,1744,1744,5,19
1744,1745,1745,20,20
1745,1746,1746,20,20
1746,1747,1747,8,9
1747,1748,1748,3,6
1748,1749,1749,17,7
1749,1750,1750,1,18
1750,1751,1751,3,3
1751,1752,1752,20,15
1752,1753,1753,21,21
1753,1754,1754,15,14
1754,1755,1755,14,19
1755,1756,1756,17,17
1756,1757,1757,7,5
1757,1758,1758,11,13
1758,1759,1759,8,8
1759,1760,1760,10,10
1760,1761,1761,6,22
1761,1762,1762,21,15
1762,1763,1763,19,12
1763,1764,1764,12,12
1764,1765,1765,13,11
1765,1766,1766,5,5
1766,1767,1767,17,17
1767,1768,1768,17,17
1768,1769,1769,9,9
1769,1770,1770,22,15
1770,1771,1771,11,13
1771,1772,1772,13,1
1772,1773,1773,6,3
1773,1774,1774,13,22
1774,1775,1775,20,7
1775,1776,1776,13,21
1776,1777,1777,7,18
1777,1778,1778,2,8
1778,1779,1779,19,18
1779,1780,1780,10,22
1780,1781,1781,2,8
1781,1782,1782,20,21
1782,1783,1783,20,21
1783,1784,1784,9,7
1784,1785,1785,3,10
1785,1786,1786,14,5
1786,1787,1787,1,22
1787,1788,1788,3,10
1788,1789,1789,8,8
1789,1790,1790,20,2
1790,1791,1791,17,18
1791,1792,1792,16,3
1792,1793,1793,3,1
1793,1794,1794,16,16
1794,1795,1795,14,21
1795,1796,1796,20,19
1796,1797,1797,11,10
1797,1798,1798,12,6
1798,1799,1799,19,20
1799,1800,1800,11,12
1800,1801,1801,2,2
1801,1802,1802,2,2
1802,1803,1803,7,15
1803,1804,1804,22,21
1804,1805,1805,19,16
1805,1806,1806,20,15
1806,1807,1807,3,13
1807,1808,1808,2,8
1808,1809,1809,4,10
1809,1810,1810,20,20
1810,1811,1811,22,10
1811,1812,1812,14,14
1812,1813,1813,22,6
1813,1814,1814,3,3
1814,1815,1815,2,8
1815,1816,1816,21,22
1816,1817,1817,1,1
1817,1818,1818,9,9
1818,1819,1819,9,9
1819,1820,1820,10,3
1820,1821,1821,19,5
1821,1822,1822,16,1
1822,1823,1823,14,14
1823,1824,1824,2,2
1824,1825,1825,6,12
1825,1826,1826,2,2
1826,1827,1827,21,15
1827,1828,1828,11,10
1828,1829,1829,11,4
1829,1830,1830,22,22
1830,1831,1831,21,21
1831,1832,1832,10,4
1832,1833,1833,19,21
1833,1834,1834,12,12
1834,1835,1835,1,11
1835,1836,1836,18,17
1836,1837,1837,20,21
1837,1838,1838,9,2
1838,1839,1839,18,5
1839,1840,1840,1,1
1840,1841,1841,12,3
1841,1842,1842,6,11
1842,1843,1843,16,16
1843,1844,1844,17,17
1844,1845,1845,7,17
1845,1846,1846,19,18
1846,1847,1847,14,14
1847,1848,1848,11,12
1848,1849,1849,21,12
1849,1850,1850,15,20
1850,1851,1851,10,3
1851,1852,1852,2,2
1852,1853,1853,12,11
1853,1854,1854,7,17
1854,1855,1855,6,16
1855,1856,1856,5,5
1856,1857,1857,12,6
1857,1858,1858,5,5
1858,1859,1859,19,21
1859,1860,1860,2,2
1860,1861,1861,9,2
1861,1862,1862,19,7
1862,1863,1863,7,18
1863,1864,1864,9,9
1864,1865,1865,16,16
1865,1866,1866,19,18
1866,1867,1867,3,3
1867,1868,1868,15,6
1868,1869,1869,11,11
1869,1870,1870,11,12
1870,1871,1871,15,5
1871,1872,1872,16,16
1872,1873,1873,2,2
1873,1874,1874,12,11
1874,1875,1875,22,12
1875,1876,1876,16,1
1876,1877,1877,10,11
1877,1878,1878,14,20
1878,1879,1879,1,1
1879,1880,1880,2,9
1880,1881,1881,14,14
1881,1882,1882,6,12
1882,1883,1883,21,7
1883,1884,1884,18,18
1884,1885,1885,13,11
1885,1886,1886,5,18
1886,1887,1887,2,2
1887,1888,1888,13,4
1888,1889,1889,6,4
1889,1890,1890,22,13
1890,1891,1891,6,11
1891,1892,1892,4,4
1892,1893,1893,13,4
1893,1894,1894,14,14
1894,1895,1895,10,13
1895,1896,1896,17,18
1896,1897,1897,14,14
1897,1898,1898,10,1
1898,1899,1899,22,12
1899,1900,1900,5,7
1900,1901,1901,2,2
1901,1902,1902,17,18
1902,1903,1903,3,22
1903,1904,1904,3,22
1904,1905,1905,1,1
1905,1906,1906,1,13
1906,1907,1907,20,20
1907,1908,1908,14,20
1908,1909,1909,3,1
1909,1910,1910,3,1
1910,1911,1911,2,8
1911,1912,1912,11,11
1912,1913,1913,2,2
1913,1914,1914,2,2
1914,1915,1915,20,2
1915,1916,1916,6,22
1916,1917,1917,20,21
1917,1918,1918,1,13
1918,1919,1919,17,7
1919,1920,1920,4,11
1920,1921,1921,6,12
1921,1922,1922,14,12
1922,1923,1923,10,10
1923,1924,1924,7,5
1924,1925,1925,21,20
1925,1926,1926,19,17
1926,1927,1927,1,1
1927,1928,1928,10,13
1928,1929,1929,17,18
1929,1930,1930,13,10
1930,1931,1931,14,21
1931,1932,1932,20,21
1932,1933,1933,17,20
1933,1934,1934,17,17
1934,1935,1935,10,13
1935,1936,1936,3,3
1936,1937,1937,17,7
1937,1938,1938,2,2
1938,1939,1939,12,12
1939,1940,1940,2,2
1940,1941,1941,3,1
1941,1942,1942,11,11
1942,1943,1943,14,14
1943,1944,1944,20,7
1944,1945,1945,11,11
1945,1946,1946,20,9
1946,1947,1947,16,16
1947,1948,1948,3,4
1948,1949,1949,8,8
1949,1950,1950,2,8
1950,1951,1951,9,9
1951,1952,1952,6,12
1952,1953,1953,18,17
1953,1954,1954,3,3
1954,1955,1955,17,5
1955,1956,1956,18,18
1956,1957,1957,10,11
1957,1958,1958,20,20
1958,1959,1959,8,8
1959,1960,1960,1,1
1960,1961,1961,10,3
1961,1962,1962,1,1
1962,1963,1963,21,13
1963,1964,1964,13,11
1964,1965,1965,1,1
1965,1966,1966,16,16
1966,1967,1967,17,17
1967,1968,1968,1,1
1968,1969,1969,22,19
1969,1970,1970,21,21
1970,1971,1971,19,22
1971,1972,1972,18,5
1972,1973,1973,4,4
1973,1974,1974,11,12
1974,1975,1975,14,14
1975,1976,1976,8,8
1976,1977,1977,11,22
1977,1978,1978,2,2
1978,1979,1979,5,5
1979,1980,1980,18,17
1980,1981,1981,18,17
1981,1982,1982,19,19
1982,1983,1983,5,8
1983,1984,1984,1,1
1984,1985,1985,17,7
1985,1986,1986,8,8
1986,1987,1987,5,5
1987,1988,1988,2,8
1988,1989,1989,15,14
1989,1990,1990,17,17
1990,1991,1991,12,19
1991,1992,1992,13,13
1992,1993,1993,4,22
1993,1994,1994,3,1
1994,1995,1995,17,5
1995,1996,1996,14,15
1996,1997,1997,7,18
1997,1998,1998,10,1
1998,1999,1999,4,11
1999,2000,2000,4,4
2000,2001,2001,16,16
2001,2002,2002,5,5
2002,2003,2003,21,21
2003,2004,2004,12,6
2004,2005,2005,4,3
2005,2006,2006,18,5
2006,2007,2007,11,22
2007,2008,2008,4,4
2008,2009,2009,10,4
2009,2010,2010,10,4
2010,2011,2011,2,8
2011,2012,2012,19,21
2012,2013,2013,1,1
2013,2014,2014,2,2
2014,2015,2015,14,15
2015,2016,2016,10,13
2016,2017,2017,6,20
2017,2018,2018,16,16
2018,2019,2019,4,10
2019,2020,2020,21,9
2020,2021,2021,19,19
2021,2022,2022,2,8
2022,2023,2023,16,1
2023,2024,2024,9,2
2024,2025,2025,2,2
2025,2026,2026,20,2
2026,2027,2027,5,5
2027,2028,2028,13,10
2028,2029,2029,5,17
2029,2030,2030,3,10
2030,2031,2031,10,10
2031,2032,2032,7,7
2032,2033,2033,3,16
2033,2034,2034,9,9
2034,2035,2035,10,11
2035,2036,2036,8,8
2036,2037,2037,19,19
2037,2038,2038,6,11
2038,2039,2039,20,8
2039,2040,2040,16,3
2040,2041,2041,4,4
2041,2042,2042,18,7
2042,2043,2043,20,20
2043,2044,2044,13,12
2044,2045,2045,10,10
2045,2046,2046,1,1
2046,2047,2047,9,9
2047,2048,2048,4,4
2048,2049,2049,4,4
2049,2050,2050,5,5
2050,2051,2051,8,17
2051,2052,2052,12,12
2052,2053,2053,5,5
2053,2054,2054,13,11
2054,2055,2055,9,9
2055,2056,2056,21,21
2056,2057,2057,12,6
2057,2058,2058,19,7
2058,2059,2059,8,8
2059,2060,2060,1,1
2060,2061,2061,17,18
2061,2062,2062,8,8
2062,2063,2063,17,17
2063,2064,2064,8,8
2064,2065,2065,2,2
2065,2066,2066,21,20
2066,2067,2067,13,13
2067,2068,2068,1,3
2068,2069,2069,19,7
2069,2070,2070,21,21
2070,2071,2071,18,5
2071,2072,2072,19,19
2072,2073,2073,15,15
2073,2074,2074,2,8
2074,2075,2075,8,8
2075,2076,2076,9,9
2076,2077,2077,8,8
2077,2078,2078,2,22
2078,2079,2079,7,7
2079,2080,2080,19,14
2080,2081,2081,20,19
2081,2082,2082,20,22
2082,2083,2083,22,6
2083,2084,2084,7,7
2084,2085,2085,22,19
2085,2086,2086,20,7
2086,2087,2087,22,11
2087,2088,2088,7,17
2088,2089,2089,12,12
2089,2090,2090,13,22
2090,2091,2091,20,20
2091,2092,2092,3,11
2092,2093,2093,10,4
2093,2094,2094,10,4
2094,2095,2095,20,21
2095,2096,2096,20,20
2096,2097,2097,15,14
2097,2098,2098,14,18
2098,2099,2099,16,3
2099,2100,2100,11,11
2100,2101,2101,17,17
2101,2102,2102,13,11
2102,2103,2103,16,22
2103,2104,2104,21,21
2104,2105,2105,12,1
2105,2106,2106,7,22
2106,2107,2107,6,12
2107,2108,2108,2,2
2108,2109,2109,7,11
2109,2110,2110,16,6
2110,2111,2111,16,16
2111,2112,2112,20,9
2112,2113,2113,2,9
2113,2114,2114,5,22
2114,2115,2115,18,18
2115,2116,2116,17,7
2116,2117,2117,8,17
2117,2118,2118,7,17
2118,2119,2119,6,6
2119,2120,2120,19,19
2120,2121,2121,16,22
2121,2122,2122,6,10
2122,2123,2123,18,18
2123,2124,2124,20,20
2124,2125,2125,22,7
2125,2126,2126,13,12
2126,2127,2127,9,9
2127,2128,2128,8,8
2128,2129,2129,5,5
2129,2130,2130,10,13
2130,2131,2131,15,14
2131,2132,2132,20,20
2132,2133,2133,17,17
2133,2134,2134,12,10
2134,2135,2135,11,13
2135,2136,2136,1,1
2136,2137,2137,10,10
2137,2138,2138,3,19
2138,2139,2139,18,18
2139,2140,2140,5,1
2140,2141,2141,21,19
2141,2142,2142,3,10
2142,2143,2143,11,11
2143,2144,2144,10,12
2144,2145,2145,15,14
2145,2146,2146,8,17
2146,2147,2147,2,9
2147,2148,2148,9,9
2148,2149,2149,21,21
2149,2150,2150,15,15
2150,2151,2151,12,12
2151,2152,2152,13,13
2152,2153,2153,20,22
2153,2154,2154,8,8
2154,2155,2155,21,21
2155,2156,2156,3,10
2156,2157,2157,8,7
2157,2158,2158,3,10
2158,2159,2159,4,4
2159,2160,2160,15,15
2160,2161,2161,9,9
2161,2162,2162,8,8
2162,2163,2163,8,8
2163,2164,2164,21,20
2164,2165,2165,10,11
2165,2166,2166,3,10
2166,2167,2167,7,5
2167,2168,2168,20,7
2168,2169,2169,21,21
2169,2170,2170,11,10
2170,2171,2171,19,19
2171,2172,2172,18,17
2172,2173,2173,3,10
2173,2174,2174,12,13
2174,2175,2175,7,5
2175,2176,2176,5,17
2176,2177,2177,1,1
2177,2178,2178,4,10
2178,2179,2179,20,17
2179,2180,2180,6,6
2180,2181,2181,14,14
2181,2182,2182,5,5
2182,2183,2183,5,5
2183,2184,2184,19,19
2184,2185,2185,19,15
2185,2186,2186,3,3
2186,2187,2187,5,5
2187,2188,2188,10,21
2188,2189,2189,16,6
2189,2190,2190,15,15
2190,2191,2191,4,11
2191,2192,2192,2,6
2192,2193,2193,7,8
2193,2194,2194,21,14
2194,2195,2195,13,13
2195,2196,2196,17,18
2196,2197,2197,8,8
2197,2198,2198,7,20
2198,2199,2199,11,11
2199,2200,2200,14,15
2200,2201,2201,3,16
2201,2202,2202,7,17
2202,2203,2203,15,19
2203,2204,2204,19,19
2204,2205,2205,12,11
2205,2206,2206,21,14
2206,2207,2207,9,9
2207,2208,2208,14,21
2208,2209,2209,17,21
2209,2210,2210,16,16
2210,2211,2211,21,21
2211,2212,2212,16,3
2212,2213,2213,16,3
2213,2214,2214,13,4
2214,2215,2215,12,11
2215,2216,2216,1,10
2216,2217,2217,18,14
2217,2218,2218,4,10
2218,2219,2219,10,11
2219,2220,2220,1,6
2220,2221,2221,21,14
2221,2222,2222,20,9
2222,2223,2223,19,22
2223,2224,2224,12,11
2224,2225,2225,8,8
2225,2226,2226,3,3
2226,2227,2227,13,10
2227,2228,2228,5,5
2228,2229,2229,11,22
2229,2230,2230,18,18
2230,2231,2231,6,12
2231,2232,2232,17,5
2232,2233,2233,21,21
2233,2234,2234,22,3
2234,2235,2235,10,10
2235,2236,2236,11,6
2236,2237,2237,6,6
2237,2238,2238,14,18
2238,2239,2239,13,10
2239,2240,2240,6,11
2240,2241,2241,10,10
2241,2242,2242,10,4
2242,2243,2243,11,10
2243,2244,2244,21,9
2244,2245,2245,19,21
2245,2246,2246,21,19
2246,2247,2247,15,5
2247,2248,2248,1,16
2248,2249,2249,21,14
2249,2250,2250,3,3
2250,2251,2251,22,22
2251,2252,2252,6,16
2252,2253,2253,17,5
2253,2254,2254,7,19
2254,2255,2255,17,18
2255,2256,2256,20,7
2256,2257,2257,14,14
2257,2258,2258,1,1
2258,2259,2259,8,8
2259,2260,2260,7,5
2260,2261,2261,6,12
2261,2262,2262,9,9
2262,2263,2263,9,2
2263,2264,2264,4,3
2264,2265,2265,19,19
2265,2266,2266,4,11
2266,2267,2267,14,14
2267,2268,2268,8,8
2268,2269,2269,10,3
2269,2270,2270,5,5
2270,2271,2271,16,16
2271,2272,2272,20,20
2272,2273,2273,5,17
2273,2274,2274,7,17
2274,2275,2275,15,5
2275,2276,2276,10,10
2276,2277,2277,7,8
2277,2278,2278,9,2
2278,2279,2279,21,21
2279,2280,2280,3,1
2280,2281,2281,9,2
2281,2282,2282,20,15
2282,2283,2283,18,5
2283,2284,2284,4,13
2284,2285,2285,22,9
2285,2286,2286,2,8
2286,2287,2287,20,19
2287,2288,2288,1,16
2288,2289,2289,2,2
2289,2290,2290,11,22
2290,2291,2291,16,10
2291,2292,2292,17,17
2292,2293,2293,17,20
2293,2294,2294,22,6
2294,2295,2295,6,20
2295,2296,2296,16,16
2296,2297,2297,18,1
2297,2298,2298,22,4
2298,2299,2299,7,21
2299,2300,2300,21,19
2300,2301,2301,7,21
2301,2302,2302,15,14
2302,2303,2303,11,9
2303,2304,2304,9,9
2304,2305,2305,4,13
2305,2306,2306,16,16
2306,2307,2307,6,13
2307,2308,2308,3,11
2308,2309,2309,21,22
2309,2310,2310,2,2
2310,2311,2311,22,11
2311,2312,2312,14,14
2312,2313,2313,4,13
2313,2314,2314,17,17
2314,2315,2315,17,7
2315,2316,2316,12,6
2316,2317,2317,9,9
2317,2318,2318,13,6
2318,2319,2319,10,3
2319,2320,2320,16,16
2320,2321,2321,13,9
2321,2322,2322,7,5
2322,2323,2323,11,13
2323,2324,2324,8,2
2324,2325,2325,18,7
2325,2326,2326,22,11
2326,2327,2327,20,17
2327,2328,2328,20,20
2328,2329,2329,5,5
2329,2330,2330,18,18
2330,2331,2331,13,13
2331,2332,2332,19,18
2332,2333,2333,6,6
2333,2334,2334,1,1
2334,2335,2335,21,21
2335,2336,2336,16,22
2336,2337,2337,22,21
2337,2338,2338,10,4
2338,2339,2339,1,3
2339,2340,2340,4,4
2340,2341,2341,17,16
2341,2342,2342,15,5
2342,2343,2343,10,1
2343,2344,2344,9,9
2344,2345,2345,19,19
2345,2346,2346,4,4
2346,2347,2347,22,14
2347,2348,2348,6,12
2348,2349,2349,22,10
2349,2350,2350,18,21
2350,2351,2351,2,2
2351,2352,2352,14,21
2352,2353,2353,21,9
2353,2354,2354,14,14
2354,2355,2355,18,19
2355,2356,2356,3,10
2356,2357,2357,19,7
2357,2358,2358,15,21
2358,2359,2359,17,15
2359,2360,2360,12,10
2360,2361,2361,13,22
2361,2362,2362,6,13
2362,2363,2363,7,8
2363,2364,2364,2,2
2364,2365,2365,16,3
2365,2366,2366,11,11
2366,2367,2367,6,12
2367,2368,2368,3,3
2368,2369,2369,6,10
2369,2370,2370,20,20
2370,2371,2371,9,8
2371,2372,2372,13,20
2372,2373,2373,19,14
2373,2374,2374,17,7
2374,2375,2375,22,10
2375,2376,2376,10,1
2376,2377,2377,11,11
2377,2378,2378,18,20
2378,2379,2379,7,17
2379,2380,2380,22,11
2380,2381,2381,14,14
2381,2382,2382,5,17
2382,2383,2383,17,20
2383,2384,2384,10,3
2384,2385,2385,13,11
2385,2386,2386,9,2
2386,2387,2387,1,1
2387,2388,2388,10,12
2388,2389,2389,5,5
2389,2390,2390,12,6
2390,2391,2391,20,19
2391,2392,2392,21,21
2392,2393,2393,2,2
2393,2394,2394,19,17
2394,2395,2395,22,20
2395,2396,2396,1,1
2396,2397,2397,21,11
2397,2398,2398,17,17
2398,2399,2399,5,15
2399,2400,2400,12,12
2400,2401,2401,13,4
2401,2402,2402,2,2
2402,2403,2403,3,10
2403,2404,2404,19,15
2404,2405,2405,10,10
2405,2406,2406,15,7
2406,2407,2407,13,11
2407,2408,2408,17,16
2408,2409,2409,20,14
2409,2410,2410,7,7
2410,2411,2411,10,4
2411,2412,2412,19,19
2412,2413,2413,9,8
2413,2414,2414,14,14
2414,2415,2415,11,10
2415,2416,2416,14,14
2416,2417,2417,13,12
2417,2418,2418,18,17
2418,2419,2419,1,11
2419,2420,2420,7,18
2420,2421,2421,7,7
2421,2422,2422,14,14
2422,2423,2423,17,18
2423,2424,2424,20,20
2424,2425,2425,18,5
2425,2426,2426,18,18
2426,2427,2427,6,6
2427,2428,2428,8,8
2428,2429,2429,21,10
2429,2430,2430,7,17
2430,2431,2431,3,22
2431,2432,2432,18,19
2432,2433,2433,21,14
2433,2434,2434,2,2
2434,2435,2435,12,3
2435,2436,2436,6,10
2436,2437,2437,17,19
2437,2438,2438,11,6
2438,2439,2439,2,2
2439,2440,2440,10,13
2440,2441,2441,17,18
2441,2442,2442,11,4
2442,2443,2443,1,1
2443,2444,2444,8,8
2444,2445,2445,3,3
2445,2446,2446,20,20
2446,2447,2447,18,17
2447,2448,2448,10,4
2448,2449,2449,18,18
2449,2450,2450,7,8
2450,2451,2451,7,17
2451,2452,2452,15,5
2452,2453,2453,5,5
2453,2454,2454,10,1
2454,2455,2455,11,13
2455,2456,2456,21,22
2456,2457,2457,8,8
2457,2458,2458,13,16
2458,2459,2459,2,9
2459,2460,2460,9,9
2460,2461,2461,16,16
2461,2462,2462,13,11
2462,2463,2463,19,19
2463,2464,2464,8,9
2464,2465,2465,9,9
2465,2466,2466,16,16
2466,2467,2467,22,11
2467,2468,2468,2,8
2468,2469,2469,22,1
2469,2470,2470,3,16
2470,2471,2471,22,7
2471,2472,2472,13,13
2472,2473,2473,22,3
2473,2474,2474,2,2
2474,2475,2475,14,15
2475,2476,2476,18,18
2476,2477,2477,19,17
2477,2478,2478,13,10
2478,2479,2479,7,7
2479,2480,2480,5,17
2480,2481,2481,21,21
2481,2482,2482,2,8
2482,2483,2483,3,3
2483,2484,2484,2,2
2484,2485,2485,19,19
2485,2486,2486,21,21
2486,2487,2487,5,18
2487,2488,2488,15,15
2488,2489,2489,17,18
2489,2490,2490,9,9
2490,2491,2491,8,17
2491,2492,2492,2,2
2492,2493,2493,18,15
2493,2494,2494,15,21
2494,2495,2495,10,12
2495,2496,2496,13,12
2496,2497,2497,20,17
2497,2498,2498,4,4
2498,2499,2499,14,7
2499,2500,2500,19,15